secrets.folder		C:/Alex/Code/ea-journeys/secrets
knowledge-base.postings-root-folder		C:/Users/aleja/Documents/Code/chateauclaudia-labs/apodeixi/test-knowledge-base/excel-postings
knowledge-base.manifests-root-folder		C:/Users/aleja/Documents/Code/chateauclaudia-labs/apodeixi/test-knowledge-base/manifests
organization-settings.month-fiscal-year-starts		6
products.corporate.name		Corporate
products.corporate.liq.short-name		LIQ
products.corporate.liq.name		Loan IQ
products.corporate.ccb.short-name		CCB
products.corporate.ccb.name		Connected Corporate Banking
products.corporate.fcc.short-name		FCC
products.corporate.fcc.name		Fusion Corporate Channels
products.corporate.fcm.short-name		FCM
products.corporate.fcm.name		Fusion Cash Management
products.corporate.ti.short-name		TI
products.corporate.ti.name		Trade Innovation
products.retail-international.name		Retail International
products.retail-international.ess.short-name		ESS
products.retail-international.ess.name		Essence
products.payments.name		Payments
products.payments.gpp.short-name		GPP
products.payments.gpp.name		Global PayPlus
products.nacm-and-digital.name		NACM & Digital
products.nacm-and-digital.fcq.short-name		FCQ
products.nacm-and-digital.fcq.name		Credit Quest
products.nacm-and-digital.lpr.short-name		LPR
products.nacm-and-digital.lpr.name		Laser Pro
products.nacm-and-digital.mbtlos.short-name		MBTLOS
products.nacm-and-digital.mbtlos.name		MortgageBot LOS
products.nacm-and-digital.mbtpos.short-name		MBTPOS
products.nacm-and-digital.mbtpos.name		MortgageBot POS
products.nacm-and-digital.mlz.short-name		MLZ
products.nacm-and-digital.mlz.name		Malauzai
products.nacm-and-digital.phx.short-name		PHX
products.nacm-and-digital.phx.name		Phoenix
products.tcm.name		Trade & Capital Markets
products.tcm.kon.short-name		KON
products.tcm.kon.name		Kondor
products.tcm.opi.short-name		OPI
products.tcm.opi.name		Opics
products.tcm.risk.short-name		RISK
products.tcm.risk.name		Risk
products.tcm.sum.short-name		SUM
products.tcm.sum.name		Summit
